"sex","educ","age","vocab","reading","sentcomp","mathmtcs","geometry","analyrea","socdom","sociabty","stress","worry","impulsve","thrillsk","carpentr","forestr","morticin","policemn","fireman","salesrep","teacher","busexec","stockbrk","artist","socworkr","truckdvr","doctor","clergymn","actor","lawyer","archtct","landscpr"
2,18,47,1.67,1.67,1.46,0.9,0.49,1.65,0.48,1.11,0.23,-1.82,-0.78,-1.87,0.53,-0.54,0.42,-2.42,-2.86,0.08,2.48,-2.39,-0.07,1.8,3.23,0.4,1.95,1.66,1.13,1.16,0.9,-0.82
1,12,39,-1.19,-1.43,-1.19,-0.17,0.28,0.23,-1.62,-1.15,0.37,-0.23,0.29,0.77,-0.15,-1.31,0.2,-0.27,0.43,0.38,-0.2,-0.48,0.74,-1.04,-1.26,-0.34,-0.5,-1.08,-2.73,-0.42,-1.89,-0.51
2,12,50,1.56,1.11,2.25,1.4,1.85,2.04,1,0.9,0.73,1.64,-0.82,0.65,0.75,0.71,1.45,0.33,-1.19,0.32,0.27,0.29,0.52,0.09,1.31,-2.33,0.69,1.07,0.51,1.12,1.17,-0.2
2,12,41,-0.59,-0.03,0.12,0.05,-0.48,-0.17,0.71,0.87,-0.43,-0.88,-0.06,-0.3,-0.24,-1.44,1.21,0.58,1.47,-0.03,-0.65,0.75,2.02,0.35,0.49,-1.2,-0.07,-0.33,-1.16,0.78,0.18,-1.09
1,14,33,0.15,0.98,-0.05,0.2,-0.68,0.58,-1.17,-0.79,-0.94,-0.38,0.12,-0.36,-0.3,0.58,-0.41,2.7,1.1,-1.33,-0.83,1.09,0.46,-0.35,-1.58,2.71,0.35,-0.64,-1.28,0.45,0.85,0.36
1,14,26,1.21,1.04,0.75,-0.01,-0.05,-0.37,0.25,1.64,-1.99,-0.97,0.13,0.94,-1.57,0.83,-0.25,-0.43,0.97,-1.12,0.77,-0.13,-0.15,0.37,0.9,-0.73,1.04,1.83,3.16,1.56,1.33,1.9
1,12,46,0.09,-0.04,0.19,-0.31,1.05,0.63,1.19,-0.18,0.57,-1.52,0.84,-0.06,1.38,0.03,-1.08,0.22,-0.95,-0.54,-0.88,-0.49,-0.57,-0.55,-0.95,1.92,-0.3,0.92,-0.63,-0.19,-0.03,0.46
1,12,42,0.95,0.49,-0.64,0.81,0.16,0.43,-0.69,1,-0.64,-0.83,-0.19,0.21,-1.14,-0.18,1.38,-0.18,-0.56,-0.93,1.38,0.95,-0.26,-0.52,0.3,-1.09,0,0.61,-0.13,0.86,-0.3,-1.44
1,12,28,-0.93,-1.25,-1.23,-0.98,-0.9,-1.16,-0.04,-0.02,-0.64,0.34,1.12,0.51,0.32,0.12,0.71,1.24,0.56,0.8,0.3,0.16,0.21,-0.55,0.16,1.38,0.16,1.03,-0.87,0.87,-0.24,0.22
2,12,59,0.47,0.38,0.8,-0.03,-0.79,0.14,0.36,-0.58,0.61,0.01,0.82,-0.12,-0.99,-0.48,0.94,-0.58,-1.06,0.61,1.91,2.26,0.58,1.25,1.44,-0.1,1.94,0.98,0.57,0.1,0.66,0.3
1,12,48,-0.96,0.54,-0.04,-0.25,0.97,0.3,0.89,0.02,-0.14,1.43,0.49,0.75,2.43,-0.3,-0.26,-0.93,-0.61,-0.25,-0.02,-0.54,-1.27,1.46,-0.35,0,-1.21,-0.49,-1.43,-0.97,-0.21,-0.44
2,12,45,-1.63,-1.18,-1,-1.58,-1.37,-0.95,-1.06,-0.52,-0.33,1.04,0.93,1.05,-0.52,0.28,-1.02,0.69,-0.78,-0.85,-0.83,-0.69,-0.13,-1.85,-0.72,0.33,-1.24,0.1,0.07,-0.78,0.8,-0.53
2,12,27,1.01,1.11,0.16,-0.02,-0.49,0.93,1.85,0.93,1.31,-0.43,0.82,-1.1,-1.29,-1.06,0.7,1.31,-0.13,-1.59,1.96,0.34,1.81,0.46,0.4,-2.22,0.86,-0.07,0.35,0.97,1.83,-0.75
1,14,11,1.77,0.94,2.41,1.81,2.39,0.66,0.26,0.69,0.17,-0.89,0.83,0.45,-1.08,0.1,-2.22,0.15,1.96,-0.65,-0.16,-2.35,-1.43,-1.7,-0.05,-0.2,1.3,-0.03,-0.01,-0.19,1.02,0.3
2,12,50,-0.01,1.07,0.18,0.28,-0.01,0.56,0.3,-0.93,-0.83,-0.39,-3.04,-2.12,-0.88,0.03,-0.3,-1.42,-0.74,-0.3,1.14,0.49,0.63,-1.15,0.48,-0.11,-0.68,0.25,-1.37,0.27,0.86,0.57
2,12,62,0.04,-0.22,0.19,0.1,0.51,0.53,-0.18,-0.83,0.37,-0.46,-0.45,0.2,2.5,1.23,-0.94,-0.55,-1.68,-0.59,-1.19,-0.54,-1.2,-0.52,-0.1,-0.15,-0.65,0.35,-0.51,-1.72,-0.14,1.42
2,12,42,0.69,-0.25,0.17,0.41,-0.56,0.67,1.21,0.02,0.84,0.88,-0.78,-0.93,1.24,1.1,-1,-2.22,-0.09,-0.22,0.64,0.37,-0.31,-0.48,1.06,0.11,-0.59,0.03,1.05,-0.29,-0.19,1.47
2,12,33,0.94,0.6,0.28,1.28,0.9,0.87,-0.61,-1.1,1.32,-0.98,0.43,-0.79,-0.72,-1.54,0.37,-1.33,-0.63,0.39,-0.95,2.01,0.21,-1.11,0.03,-1.27,-0.89,0.12,0.72,-0.34,-0.87,-1.5
1,12,47,-0.61,-0.47,-0.7,-0.18,-0.91,-0.53,0.49,-0.12,1.61,0.15,-0.92,-0.94,-1.3,-0.28,2.17,-0.92,-0.83,1.61,-0.18,1.75,1.56,1.21,-0.44,-0.92,0.72,-0.28,-0.27,0.54,0.65,-1.08
1,12,24,-0.39,0.13,-1.02,0.25,-0.05,-0.59,-0.02,-0.1,0.61,-0.48,-1.88,-0.55,0.25,0.7,-0.5,0.83,0.29,-1.32,0.54,-1.6,-0.56,-1.01,0.94,-0.4,0.76,2.02,-0.5,0.85,-1.4,-0.58
1,12,36,1.25,0.35,0.4,0.75,1.62,1.14,0.07,0.49,1.01,1.68,0.46,0.18,1.22,1.06,-1.37,1.84,-0.38,-0.42,-0.89,-0.96,-0.58,1.02,-1.41,1.78,-0.9,-0.28,1.36,0.01,1.13,0.42
1,12,41,0.78,-0.03,-0.16,0.84,1,2.25,-0.25,-1.06,-0.79,0.01,1.42,2.22,0.64,0.61,0.45,-0.72,0.34,0.63,-0.03,0.4,1.11,0.6,-1.03,-1.03,-0.71,-0.85,-1.07,0.47,2.44,0.36
2,12,42,1.07,1.63,1.28,0.88,0.25,0.93,-0.69,-0.85,0.63,2.12,-1.06,1.01,-0.95,-1.44,1.73,-0.83,-1.48,1.15,1.07,-0.38,1.61,1.52,1.5,-0.48,0.44,0.99,-0.38,0.84,1.36,-0.72
1,12,40,-0.69,-0.79,0.02,0.02,0.09,-1.09,1.06,1.7,-1.44,0.22,-0.38,0.85,-0.76,-1.28,-0.43,-1.47,0.09,0.18,0.33,-0.51,-0.62,-1.08,-0.3,0.4,0.47,-1,-0.79,-0.46,-0.02,-1.46
1,12,40,-0.86,-1.52,-1.73,-0.66,-1.05,-1.02,1.19,0.53,-0.38,-0.72,0.69,0.26,2.64,0.45,-0.59,-0.47,-0.63,-0.24,1.2,-0.38,0.69,0.73,1.31,1.36,0.94,2.03,0.44,-0.14,0.33,-0.25
1,12,43,-0.07,-0.76,-0.14,1.05,0.86,0.94,-1.02,0.51,1.27,0.97,-1.11,-0.56,-0.78,-1.78,-0.5,0.39,0.6,-1.06,-1.17,-0.89,-1.47,-0.07,-1.61,-1.18,-2.58,-1.59,-0.02,-1.1,-0.56,-2.36
2,12,48,-0.01,-0.22,0.2,-0.43,0.03,-0.83,-0.91,-1.25,0.47,-0.59,-1.82,-0.82,0.43,-0.25,-0.81,0.2,-0.43,-0.8,0.89,-2.33,-1.54,0.43,-0.11,0.59,-0.63,0.46,-0.28,-2.14,-1.19,0.74
1,12,23,0,0.2,0.14,2.05,1.52,1.29,-1.28,0.27,-0.36,0.21,0.77,-1.64,1.99,2.46,-1.78,2.4,1.3,0.38,-2.35,-2.51,-1.38,0.67,-1.59,1.4,-0.54,-1.92,-0.87,-1.16,0.44,1.76
2,12,41,-0.76,-0.41,0.4,-0.37,0.35,0.37,1.43,1.16,-0.73,0.27,-0.07,-0.54,0.68,0.77,1.09,1,1.47,0.96,0.8,0.98,1.81,-0.49,0.56,-1,2.3,0.14,-0.82,1.83,1.11,0
1,14,40,1.13,1.63,1.06,1.99,1.18,2,0.93,0.94,0.68,-1.06,0.16,1.83,1.62,-0.02,0.58,-1.32,-0.57,1.05,0.56,0.2,0.08,-0.34,0.75,-1.1,1.01,-1.01,-0.89,0.99,1.13,0.29
1,12,56,-1.57,-0.81,-1.36,-1.41,-0.23,-1.67,-0.86,-0.98,0.27,-0.51,-1.09,-0.94,0.88,-0.6,0.87,-1.28,-0.26,0.45,-0.5,-1.4,-0.15,-1.84,0.95,0.99,0.2,0.04,0.3,-0.63,0.34,-0.74
2,12,33,1.42,1.15,0.68,0.82,1.46,1.06,-0.3,-0.2,-0.7,-0.27,-2.57,-2.96,-1.06,-0.59,-0.82,-1.27,-0.12,-0.11,0.22,0.45,-0.72,-0.44,0.91,0.38,-0.04,-0.14,-0.29,-0.06,-0.53,-0.19
1,12,27,-0.61,0.03,-0.32,-0.03,-0.18,0.17,-0.91,-0.37,0.38,0.16,-0.9,0.02,0.96,1.24,-0.77,-0.16,0.41,-1.88,-0.08,-0.69,-1.18,0.24,-0.2,2.07,-1.46,-0.69,-0.6,-0.95,-0.16,-0.15
1,12,26,0.6,1.2,0.83,1.48,0.55,1.43,0.46,0.55,-0.41,-0.9,0.02,-0.05,-0.8,-0.91,-0.64,0.03,1.13,0.49,-0.46,0.07,-0.75,-2.53,0.01,-0.54,-1.19,-0.16,-2.75,1.11,-0.44,-0.6
2,12,46,-0.17,0.86,0.28,0.76,0.83,-0.29,-0.16,-1.7,0.32,0.08,0.49,1.05,-0.72,0.58,-0.26,0.09,0.62,-2.64,0.22,-1.22,0.79,-0.02,0.3,0.54,-0.52,-0.07,-1.48,-0.95,0.28,-1.8
2,8,41,-0.72,0.54,-0.23,-0.79,-0.32,-1.02,0.06,1.21,0.44,-0.02,0.32,1.11,-0.64,-0.29,-0.1,-0.78,-0.51,-0.42,0.37,0.23,0.16,-0.94,1.33,-0.9,-0.8,0.98,0.17,-0.27,-0.88,0.47
2,12,65,-0.15,0.8,1.28,-0.3,0.08,0.1,0.66,-0.35,-0.27,-0.22,0.34,-0.28,-1.1,0.05,-0.07,-2.2,-1.74,0.46,2.08,0.64,0.4,-1.09,1.63,-0.29,0.88,-0.02,0.66,-0.2,-0.58,-0.21
1,12,45,1.14,0.72,1.42,0.34,0.46,0.84,-0.51,0.32,-1.94,-2.26,-1.08,-2.01,-0.27,1.9,-1.31,0.61,-0.37,-0.14,0.69,0.57,-1.23,0.04,0.27,1.02,1.08,-0.28,0.17,0.5,1.04,1.58
1,12,50,0.22,1.05,1.16,1.22,0.67,0.36,-1.21,-0.76,0.82,0.1,-1.97,-0.89,0.1,-0.99,0.9,0.51,1.08,0.1,-4.42,1.16,1.4,1.19,-2.34,-0.42,-0.82,-2.76,1.76,0.31,1.65,-2.2
1,12,42,-1.08,-0.99,-1.64,-0.08,-1.54,-1.35,-0.33,0.3,-0.51,-0.66,1.33,1.27,0.05,0.18,1.2,-0.59,0.82,0.27,-0.44,1.22,0.47,0.24,-0.55,-1.59,-0.93,-0.25,-0.29,1.09,0.46,-0.37
2,12,42,-0.18,-0.71,-0.47,0.34,1.13,-0.42,0.1,-0.73,0.19,0.87,0.57,1.12,0.78,1.78,-0.1,0.03,-0.53,0.06,-0.24,0.18,0.18,-0.97,0.2,0.27,1.16,-0.09,-0.62,0.2,0.79,-0.05
2,12,31,0.46,0.74,-0.59,1.3,0.41,0.03,0.25,0.87,-0.35,-1.36,1.32,1.67,-0.48,-0.1,0.86,-0.22,-0.41,0.09,0.6,-0.09,0.65,0.08,-0.6,-0.07,-0.86,-1.3,-0.89,-0.89,-0.63,-0.54
1,12,37,-0.25,-0.96,-0.55,-0.15,-0.03,-0.3,-0.02,0.39,0.42,1.03,-0.15,-2,1.01,1.26,-0.94,-0.41,0.12,0.98,-1.05,-0.27,-0.56,1.93,-1.54,1.56,0.52,-1.24,0.79,-0.36,2.08,2.3
2,16,24,1.08,1.62,0.97,0.97,-0.41,0.82,-0.22,-0.5,-0.3,-1.16,-0.37,0.96,-0.34,0.65,0.44,-1.44,-0.58,0.31,0.59,-0.09,0.46,1.03,0.88,0.32,1.42,-1.27,1.2,1.04,1.74,1.05
1,12,36,-0.21,-0.65,-0.72,1.46,1.76,1.06,0.18,0.48,-0.25,-0.85,-0.59,-0.64,-0.44,1.93,-0.48,-0.95,-1.3,1.64,-0.13,0.01,-0.65,0.91,-0.48,1.27,-0.09,0.86,-1.34,0.36,0.32,1.01
1,14,40,1.23,1.91,0.76,1.12,0.33,1.69,-0.81,-0.14,-0.65,-0.61,-1.18,-1.28,0.77,1.78,-1.87,0.02,-0.04,0.43,-0.05,-0.13,0.48,-1.27,0.03,-0.34,-0.21,0.78,-0.09,0.29,-0.33,0.37
1,12,34,0.49,1.41,0.18,1.57,1.15,2.03,-0.12,0.32,-0.35,-0.06,0,0.72,-0.2,0.52,-0.36,0.17,-1.1,-0.75,1.56,0.84,-0.24,-0.33,0.42,0.41,0.81,0.77,-0.63,1.48,-0.99,-0.31
2,12,45,0.98,0.24,0.7,-0.04,0.01,-0.7,1.37,1.42,0.33,-0.3,-0.26,-0.96,-0.52,-0.29,0.99,-0.77,0.32,-1.7,1.8,1.64,0.9,1.26,0.62,-1.12,0.8,0.72,1.58,0.1,0.77,-0.61
2,12,63,-0.28,-0.04,-0.69,-0.75,-0.74,-0.85,1,1.33,1.2,1.44,-1.03,-0.55,0.57,0.32,1.82,-1.97,-0.24,1.16,1.12,0.54,0.33,0.8,1.53,-1.25,0.57,2,1.02,1.58,-0.13,-0.32
2,12,42,0.47,0.06,-0.21,-0.72,-0.54,-0.78,-0.49,-1.12,-0.19,0.6,-0.37,0.22,0.52,0.61,-1.45,-1.08,0.43,0.5,-0.3,-1.61,-1.02,-0.65,0.66,0.96,-1.99,0.28,-0.58,-1.46,-0.41,1.32
2,12,21,0.41,-0.01,-0.06,-0.22,0.29,0.58,1.67,2.63,0.31,0.72,1.08,2.09,-0.08,-0.89,0.17,0.3,-0.36,0.15,-0.28,1.02,1.83,2.83,0,-0.75,-0.16,-0.37,0.1,0.06,0.57,-0.73
1,12,34,-1.8,-2.2,-1.74,-0.55,-0.04,-0.15,-1.67,-1.6,2.09,2.4,1.34,-0.35,1.98,-1.06,0.04,1.07,2.49,-0.42,-1.06,0.55,0.16,-1.03,-2.23,0.71,-1.05,-0.46,-0.23,-1.28,-0.99,-0.19
1,16,39,-0.38,0.99,-0.5,1.79,-0.19,2.13,0.06,-0.01,-0.41,-0.15,-0.34,1.3,1.26,0.32,-0.27,-0.27,-1.33,-1.92,1.01,0.03,-0.15,-1.97,0.66,-0.26,0.02,0.24,-0.99,0.19,-0.51,-0.21
1,12,43,0.47,0.17,0.62,1.14,0.09,0.92,-0.7,-0.61,0.06,-0.67,0.7,2.23,1.02,0.27,0.3,-0.7,0.98,1.61,1.39,-0.39,0.7,1.26,-0.15,1.38,0.53,0.45,0.51,0.52,0.43,1.27
1,12,38,-0.4,0.24,0.54,-0.83,-0.21,-0.37,-1.08,-0.6,0.4,-0.29,-0.9,-0.85,-0.27,0.85,-0.65,-0.03,0.33,-1.47,-0.33,0.09,-0.47,-0.74,0.22,1.67,0.58,0.63,0.94,-0.45,-0.95,0.8
2,12,34,0.82,0.25,0.97,-0.22,-0.13,-0.46,-1.34,1.08,-2.56,-3.07,0.26,2.24,0.36,1.19,-1.9,-0.77,0.93,-0.42,0.3,-0.12,-0.87,0.07,0.62,-0.28,-1.44,-0.28,0.15,-0.17,-2.11,0.6
2,12,49,1.3,0.81,1.03,-0.55,-0.09,-0.02,1.77,1.58,1.33,0.77,-0.51,-0.55,-0.95,0.14,1.08,-0.4,0.21,0.83,0.81,0.96,1.54,-0.04,1.34,-0.65,1.67,0.59,0.74,1.54,2.38,0.97
2,16,36,1.86,0.79,1.46,0.55,1.48,1.97,1.65,1.58,-0.5,0.03,-0.95,0,0.83,0.97,-1.09,-0.5,-1.18,1.1,0.73,-1.39,-1.06,0.81,0.43,0.74,-0.64,-0.15,-0.23,-0.1,0.72,0.83
1,12,47,-0.48,0.4,-0.95,1.05,0.05,0.26,-1.7,-1.93,-0.49,-0.71,-0.36,-1.02,-0.35,-0.11,0.13,0.29,-0.4,-0.28,-0.7,0.67,-0.8,-0.32,-0.52,-1.85,0.59,-0.2,-1,-1.03,1.19,0.06
2,18,36,0.98,0.99,1.44,1.39,1.31,1.74,-0.1,0.24,-0.31,1.17,0.57,-0.51,0.73,-0.24,0.35,-0.31,0.22,0.66,1.73,0.33,0.25,-0.78,0.54,-1.38,1.01,-0.01,0.17,0.82,1.02,1.11
1,12,43,-0.51,-0.68,-0.49,0.38,0.67,0.03,0.43,0.56,0.43,0.31,0.6,0.4,-0.47,-0.98,0.71,1.18,1.47,0.76,-1.56,0.25,0.86,1,-1.75,-0.27,0.7,-1.73,0.04,0.66,0.36,-0.52
2,12,28,0.32,0.19,0.39,-0.79,-0.71,0.39,-1.54,-1.05,-0.49,0.08,0.41,0.28,0.07,1.34,-1.6,-0.15,0.14,-0.91,-0.2,-1.61,-1.17,0.31,0.85,0.69,-0.46,0.1,-0.77,-0.83,-0.28,0.61
1,12,47,-0.1,0.11,0.58,0.91,1.31,1.29,-0.48,-1.5,-0.07,0.07,-0.68,-0.04,-0.76,-0.93,0.69,-0.19,0.24,-1.58,-0.44,0.75,0.5,0.34,-1.89,0.17,-0.53,-1.68,-0.83,-0.11,0.9,-0.88
1,16,25,0.89,0.82,1.49,1.55,0.98,1.57,-0.16,-0.96,0.61,0.47,-0.32,0.15,-1.42,0.79,-1.63,1.61,1.7,-0.55,-1.37,0.95,-0.74,-0.31,-0.29,0.34,1.03,-0.33,-0.64,-0.14,0.15,-0.92
1,12,43,0.2,0.98,0.24,0.93,0.77,0.49,1.39,-1.08,-0.59,0.39,-0.92,-1.41,-0.05,-0.41,1.46,-0.28,-0.08,0.23,0.94,1.37,1.02,-0.12,0.08,0.56,0.47,-1.37,1.04,1.24,0.59,0.76
2,12,46,0.04,0.45,0.82,-0.4,-0.8,-0.24,-1.09,-0.79,1.37,-1.15,1.81,0.26,0.26,-0.39,0.36,-0.32,-0.96,-1.04,0.36,0.46,1.45,0.48,0.19,-0.53,-0.75,0.63,0.46,-0.87,0.26,-0.22
2,12,52,0.4,0.1,0.74,0.57,0.16,0.04,-0.29,0.14,0.09,-0.91,1.64,1.69,0.34,1.46,0.04,-0.59,-1.88,0.09,-0.47,-0.11,-0.47,-1.09,-0.47,0.21,0.35,-0.59,1.09,0.02,1.17,1.47
1,12,26,1.16,0.01,0.33,0.64,0.54,0.79,1.7,0.26,1.03,0.4,1.47,-0.03,0.16,0.95,-0.59,1.47,1.63,0.36,-0.32,0.23,0.17,1.8,-0.19,-1.28,0.16,0.91,3.11,0.78,0.66,-0.14
1,8,25,-1.89,-0.54,-2.3,-1.57,-1.45,-1.68,-2.04,-1.03,1.58,1.67,1.17,-0.89,0.72,-1.91,0.89,0.33,-0.05,-0.02,-0.32,-0.68,2.27,-0.58,-0.38,-0.39,0.05,-0.15,-0.94,-1.18,-1.1,-1.58
1,12,27,-1.32,-1.22,0.45,0.2,-0.35,0.79,-0.44,-0.55,-0.78,-1.05,1.2,1.12,1.37,1.1,-1.17,1.12,-0.27,0.94,-1.45,0.27,-1.14,1.03,-1.37,0.94,-1.09,-0.67,-0.54,-1.12,-0.15,0.78
1,12,42,-1.03,-2.09,-1.75,-0.78,0,-0.79,1.13,1.71,0.86,0.4,0.17,0.36,-0.74,-0.28,1.34,-0.13,-0.65,-0.39,-1.31,0.97,0.14,0.84,-0.43,-0.78,1.12,0.48,0.21,0.88,2.04,1.42
1,12,40,-0.76,-0.87,-0.24,-1.08,-0.84,-1.34,-0.69,-2.41,1.71,-0.19,1.38,0.96,-1.22,0.53,0.54,2.33,2.8,1.3,-1.43,-0.22,-0.2,0.66,-0.97,-0.54,-0.64,0.09,0.12,0.24,1.7,1.67
1,12,55,0.02,-0.5,0.75,0.31,0.74,0.01,-0.77,1.34,-0.53,0.33,0.94,1.11,0.17,-2.12,0.3,0.15,0.12,1.65,0.43,-0.2,1.22,1.57,1.16,-1.13,0.61,0.64,0.97,1.23,1.19,0.2
2,8,45,-1.23,-1.38,-0.8,-1.25,-0.95,-1.81,0.03,1.11,-0.09,-0.17,-0.49,-0.97,0.22,0.77,-0.33,0.22,0.49,-1.64,-0.74,-0.75,-2.01,-1.76,0.73,0.56,0.12,1.32,1.27,-1.38,-1.15,-0.75
1,14,35,1.25,0.97,0.44,0.9,0.43,1.37,-0.36,0.24,-1.11,-0.87,0.24,-0.56,0.2,0.24,-1.33,-1.98,1.07,-0.19,-0.17,0.04,-0.74,0.07,-0.29,0.7,-0.42,0.01,1.63,-0.83,0.27,-0.6
2,8,58,-1.38,-1.21,-0.91,-2.38,-1.64,-1.04,2.1,1.36,1.99,0.17,0.4,-1.68,0.05,0.73,0,0.01,-1.39,0.6,0.83,1.82,0.37,1.22,0.52,0.37,-0.15,0.76,0.04,-0.23,-0.42,0.64
1,12,52,-0.06,-0.11,0.21,0.86,1.07,0.07,-1.72,-2.18,1.01,0.35,0.86,-0.03,-1.88,-0.55,1.23,0.43,0.87,0.5,-0.8,0.73,2.03,-1.2,-0.21,0.95,0.52,-0.17,-0.19,1.63,-0.63,-0.95
2,12,51,1.07,0.59,1.06,0.01,0.63,-0.3,-0.16,-1.16,-0.4,-0.4,-2.93,-1.32,-0.54,-0.71,0.7,-1.82,-0.82,0.56,0.56,0.72,0.98,0.52,0.92,0.24,0.34,-0.12,-0.69,1.45,-0.11,-1.2
1,12,37,0.36,0.25,-0.58,0.35,0.4,-0.29,0.7,0.2,-0.56,-1.09,0.22,-0.87,-0.84,0.67,-0.12,0.94,0.15,-0.23,-0.14,0.44,-0.63,0.36,0.26,0.3,-0.48,0.21,-0.29,-0.02,0.14,0.75
1,12,17,-0.67,-0.9,-1.13,-0.02,-0.58,-0.43,-0.33,0.54,-0.79,0.27,0.71,-0.35,-0.98,0.52,-1.13,0.66,-0.02,-1.3,-1.57,-1.37,-0.77,-0.5,-1.04,1.71,0.01,-1.12,-0.42,-1.29,-0.92,0.56
1,12,63,1.1,1.25,1,0.23,0.16,0.33,-1.14,-0.68,-0.77,-0.12,2.33,1.48,1.11,1.02,0.14,0.65,0.53,-0.82,1.24,0.11,0.68,0.11,1.93,0.71,1.71,0.99,1.98,0.76,2.22,0.55
1,8,63,-0.64,-0.14,-0.38,-1.32,-1.09,0.32,-2.57,-1.54,0.36,-0.56,0.1,1.28,-1.44,-0.65,1.04,0.12,0.74,0.78,-0.1,1.78,1.4,-0.3,0.4,-1.71,0.17,-0.2,0.53,0.21,-1.04,-2.06
1,12,53,-1.87,-0.69,-1.34,-1.16,-1.42,-1.38,-0.23,-0.42,-1.28,0.05,0.32,-0.59,0.47,1.37,0.39,-1.41,-0.26,-0.42,1.13,-0.26,-0.3,0.74,-0.15,0.18,-0.74,-0.04,-0.73,-0.27,-0.32,-0.01
2,12,50,1.55,1.07,1.41,0.46,1.01,0.58,-1.07,-0.34,1.2,0.81,-0.79,-1.7,0.24,1.12,0.44,0.57,-0.31,0.69,0.08,0.45,-0.14,0.21,0.71,-0.64,-0.51,-0.6,-0.65,0.29,-0.77,0.38
1,18,34,1.67,0.72,1.06,1.89,2.86,2.15,0.4,0.22,-1.32,-1.16,-1.55,-0.92,-0.15,-0.64,-0.08,-0.87,-0.88,0.63,0.39,1.55,1.59,1.47,1.16,-0.05,2.34,0.85,-0.18,1.56,0.85,0.32
2,12,46,-0.22,0.39,0.74,-1.44,0.18,-1.16,0.08,-1.59,0.49,0.72,0.78,1.71,-2.48,-0.78,2.27,-0.49,0.43,0.17,1.2,2.33,1.41,0.42,1.45,-2.78,1.29,2.17,0.7,-0.04,0,-2.31
2,12,45,-0.39,-0.13,-0.2,-0.35,-1.16,-0.67,-1.02,0.05,-0.12,-0.71,-0.76,-0.17,0.5,0.23,-0.72,-0.53,-1.03,-0.7,0.84,-0.72,-2.17,-1.24,0.34,0.5,-0.69,0,0.02,-1.55,-0.19,-0.8
1,12,32,-1.09,-0.37,-0.93,-0.4,-0.28,0.11,-1.67,-0.57,-1.74,1,-0.59,1.37,-0.87,-0.41,0.39,-0.59,-1.26,-0.75,0.15,0.59,-1.08,-0.63,-0.14,1.47,0.5,0.61,-0.95,0.86,-1.16,1.02
2,16,47,0.31,2.01,0.91,1.09,1.26,1.95,0.27,-0.18,-0.84,0.74,-1.2,-2.09,-2.85,-0.55,1.5,-0.5,0.33,0.91,0.08,1.61,0.99,-0.37,-0.18,-1.45,1.04,-0.39,-0.71,0.67,0.47,-0.77
1,12,33,-1.72,-1.77,-1.42,-2.8,-3.32,-2.83,0.99,-0.83,-0.81,-1.19,0.69,0.26,-0.91,-0.45,0.19,0.25,0.7,-1.51,-0.95,-0.59,-1.36,1.23,-0.8,-0.76,-1.85,-1.34,-0.36,-1.6,-0.64,1.21
2,12,33,-0.03,0.9,-0.75,0.33,-0.32,-0.23,-0.41,0.19,0.28,1.65,-0.32,0.32,-1.44,0.02,-0.8,-1.69,-0.96,-0.64,0.17,-1.09,-0.83,-1.57,0.04,-0.82,-0.46,-0.51,0.24,-0.63,-0.8,0.23
1,14,39,0.33,0.46,-0.14,1.11,-0.42,0.89,1.47,0.97,-1.89,-2.91,0.6,-0.58,0.04,-0.37,2.45,-0.56,0.26,2.13,0.73,2.73,1.87,-1.06,0.68,-0.29,1.9,0.48,-2.41,2.3,-0.2,-1.33
1,12,35,0.28,0.27,-0.28,1.05,0.2,1.3,-1.11,-0.53,-0.78,-0.84,-0.55,-0.09,-0.87,-1.28,-0.08,0.05,0.53,0.74,-0.22,0.17,0.09,0.41,-0.79,0.68,0.08,0.31,0.49,-0.34,-0.76,-0.78
1,12,30,0.07,-0.11,0.14,1.54,0.38,1.59,-0.79,0.63,0.48,1.57,-0.82,-0.98,1.04,-0.88,-0.35,0.6,0.39,0.53,-0.06,-0.19,1,-2.45,-0.48,0.59,0.68,-0.17,-0.88,0.23,0,0.71
2,12,32,1.13,0.19,0.4,-0.26,-0.53,0.25,1.09,-0.59,-0.92,-0.67,1.04,1.38,0.38,2.4,-1.96,-0.19,-1.44,-0.15,1.06,-1.73,-2.33,-0.48,1.3,-1.05,-0.87,1.67,0.63,-0.82,-0.71,1.61
2,16,38,1.45,1.05,0.47,0.61,1.01,0.43,-0.57,0.57,-2.01,-2.11,1.28,1.2,-1.95,0.16,-1.43,0.5,0.18,-0.17,-0.93,-0.31,0.31,-0.65,-0.68,-1.29,-1.16,-1.39,-0.26,-0.27,-1.8,-0.54
2,12,46,-0.19,-0.51,0.55,0.4,0.02,0.54,1.2,1.85,1.14,1.14,-0.09,0.78,0.96,-0.64,-0.69,-1.01,-1.25,-0.03,0.28,-0.27,-0.54,0.53,0.61,1.53,-1,0.1,-0.33,-0.66,-1.02,1.33
1,12,44,0.94,0.68,1.03,-0.5,-0.37,0.43,0.63,0.17,-0.55,-1.87,-1.82,-0.06,0.04,0.26,-0.22,0.05,0.05,0.58,0.47,-0.23,-0.28,0.17,-0.13,0.89,-0.29,0.02,1.68,-0.12,0.34,0.39
2,12,44,-0.59,0.38,-0.19,-0.71,-1.17,-0.3,1.27,1.51,-1.22,-1.17,0.78,1.15,-0.08,0.7,0.59,-1.37,0.11,0.58,2.43,-0.39,-0.54,1.78,0.8,0.32,0.87,0.53,1.14,0.03,0.33,0.97
1,12,46,0.77,0.35,1.09,0.12,0.08,0.2,1.21,1.61,-2.16,-1.3,0.31,-0.29,-0.61,-0.58,0.92,-2.28,-0.73,-1.11,0.77,0.76,0.16,0.43,0.78,-1.22,1.86,0.5,0.35,0.07,-0.09,-0.5
1,12,58,0.8,1.47,1.61,-0.19,-0.98,0.58,0.14,0.12,0.48,-0.04,-0.98,1.47,-1.43,1.86,1.78,-1,-0.55,-0.3,-0.1,1.48,3.12,1.01,0.56,-0.05,2.74,0.05,1.83,1.94,1.97,-1.36
2,12,38,-0.69,0.08,0.18,-0.33,-0.61,-0.16,0.33,0.81,0.06,-0.11,0.22,-0.26,0.95,0.2,-2.71,-1.28,0.39,-1.72,0.72,-0.93,-1.68,-0.82,0.32,0.35,-1.21,0.33,-0.85,-2.23,-1.67,1.33
1,12,47,-0.68,-0.41,-0.5,-0.85,-0.79,-0.52,-0.59,-0.75,-1.2,1.02,0.84,-0.69,0.46,0.3,-0.6,-0.05,0.27,-1.63,-0.45,-2,-0.47,-2.45,0.36,1.32,0.12,-0.54,-0.69,-1.55,-0.29,0.18
1,12,30,0.88,1.73,1.42,0.6,0.92,1.33,-1.81,0.38,-1.04,-0.87,-0.08,0.7,-0.19,1.06,-0.86,0.56,0.26,1.03,-0.39,-1.35,-1.63,-0.21,0.79,-0.17,0.75,0.25,-0.02,0.11,-0.5,0.77
2,12,33,-0.05,-1.19,0.08,0.88,0.76,0.63,-0.19,-0.27,-0.15,-0.36,0.28,-1.02,-0.86,0.33,0.26,1.42,1.27,-0.31,-1.61,0.69,0.12,0.55,-1.49,-1.73,-1.59,-1.76,0.71,0.07,1.65,0.41
2,12,29,-0.41,-0.97,-0.16,-0.14,0.32,0.22,-1.59,-0.79,0.43,0.4,2.16,1.79,0.91,0.23,-0.77,0.81,0.48,-0.4,-0.32,0.62,0.65,0.1,-1.15,0.95,-0.57,-2.16,-0.55,-0.79,0.58,0.88
1,12,36,0.86,0.93,0.97,0.66,-0.07,0.32,0.57,0.41,0.58,0.83,-0.39,1.19,-1.27,1.34,-0.25,0.36,0.09,-0.34,-0.11,1.36,-0.01,-2.03,-0.01,-0.67,-1.6,0.19,-0.66,0.14,-0.91,-0.63
2,12,35,-0.12,0.62,0.41,-1.01,0.57,-0.35,0.49,1.35,0.53,1.24,-1.18,0.48,0.44,0.25,0.37,-0.37,-1.47,1.22,0.74,0.26,0.26,0.38,0.35,-0.8,-0.01,-1.04,-0.6,1.1,-0.11,-0.78
2,12,43,0.89,0.45,1.69,1,1.5,0.67,0.22,0.65,0.11,-0.28,1.27,3,1.25,-0.37,-0.8,2.15,1.72,0.86,-1.76,0.48,-0.76,-0.67,-1.72,-0.14,0.06,-1.84,0.32,0.44,-0.88,0.42
2,12,37,0.28,1.31,-0.11,0.35,1.65,1.12,1.85,-0.03,-0.22,0.24,-0.4,0.37,-0.15,0.12,0.01,0.96,-0.28,-0.02,0.42,-0.98,-0.19,0.35,-0.16,0.5,0.35,0.61,0.18,1.14,0.79,-0.38
2,8,45,-2.01,-2.47,-2.47,-3.71,-2.59,-2.67,-0.9,-0.93,-0.25,0.07,2.62,1.56,0.65,0.47,-1.64,2.4,2.24,-1.87,-1.89,0.12,-1.24,-1.59,-1.81,-0.42,-1.73,-1.03,-0.72,-3.3,-1.59,0.11
1,12,47,2.24,1.5,2.12,1.03,0.29,0.06,-1.11,0.49,-0.95,-0.92,0.18,1.42,0.6,-1.2,0.21,0.85,0.35,-2.13,-1.38,-0.47,0.18,0.38,0.57,0.41,0.83,0.41,0.54,0.48,-1.49,-0.66
1,14,38,0.69,0.58,1.64,1.71,1.1,1.67,-1.27,-3.09,1.28,1.42,-0.2,1.48,0.06,-0.94,0.13,1.2,0.41,0.94,-1.27,0.41,0.66,0.6,-0.57,-0.01,0.61,-1.22,0.27,0.15,0.2,-1.33
1,12,29,0.78,0.24,0.35,-0.09,2.03,0.13,0.81,-0.24,0.99,-0.91,0.56,1,-0.42,1.8,-2.36,0.9,1.05,-0.04,-0.69,-1.51,-1.47,-0.47,-0.66,0.84,-1.31,-0.22,-0.73,-1.34,1.11,1.87
1,12,37,-0.35,-0.48,-0.02,0.5,0.73,0.53,-0.32,0.1,-1.22,-0.73,-1.72,-0.25,0.56,0.89,-0.68,-0.63,0.72,-0.57,-0.72,-0.58,-1.07,0.22,-1.56,1.17,-0.82,0.34,-1.91,-0.73,-1.96,0.48
2,12,50,-0.48,-0.01,-0.49,-1.22,-0.54,-0.92,-1.29,-1.6,0.96,1.46,-0.33,0.9,-2.76,-1.6,2.1,0.29,-0.41,0.45,-0.35,1.71,2.19,-1.36,0.9,-2.08,-0.87,-0.31,-1.16,1.17,-0.96,-2.38
2,12,31,-1.07,-0.81,-1.86,-1.95,-1.25,-1.57,0.72,0.33,0.02,0.21,0.47,0.77,0.51,1.51,0.78,-0.15,-0.24,1.43,0.84,-0.54,-0.13,-1.04,0.91,0.39,-0.87,-0.02,0.07,1.44,-1.98,0.47
2,12,39,0.15,0.59,-0.34,-0.33,-0.46,0.42,-2.22,-1.58,0.72,0.29,0.58,0.5,-0.13,0.63,-1.14,0.23,0.04,-0.83,0.36,-1.71,-1.51,1.04,0.18,1.76,-1.22,-0.38,-1.73,-1.44,-1.18,0.71
1,12,31,-1.15,-0.41,-0.35,-0.21,-0.01,-1.15,-0.18,-0.92,-0.14,1.02,1.78,0.61,0.64,2.98,-1.08,0.79,0.43,0.98,-0.18,-0.81,-1.25,-0.56,-0.67,1.41,-0.72,0.14,0.71,-0.45,-1.34,0.43
1,12,48,-0.01,0.8,-0.17,0.61,0.33,0.64,-0.25,0.79,0.14,-0.49,0.62,-0.01,1.11,-0.95,-0.26,-1.66,-0.41,-1.57,0.77,-0.45,0.69,1.25,0.65,-0.08,0.76,1.19,0.26,-0.9,0.16,0.96
1,12,45,0.96,0.37,0.65,0.41,0.24,0.73,1.4,-0.1,-0.46,0.41,0.41,-0.73,-0.11,1.13,-1.46,-0.88,-0.8,0.89,1.42,-0.3,-0.91,0.98,0.47,0.92,-0.72,0.49,-0.94,0.82,0.63,1.02
1,12,43,-0.93,-0.63,-2.28,-0.15,0.16,-1.31,-0.39,-0.88,0.02,0.84,-1.37,0.4,0.27,0.35,0.21,0.8,0.73,-1.64,-0.94,0.09,-1.1,0.38,-0.94,0.89,-0.22,-1.55,0.45,-0.15,-0.69,-0.07
1,12,59,-0.16,0.06,-0.35,-0.29,-0.25,0.24,-1.27,-0.44,-0.46,0.13,1.04,0.75,0.58,-0.37,-1.32,0.8,0.56,-0.98,-0.94,-1.19,-0.93,-0.1,-0.49,1.58,-1.35,-0.85,0.93,-1.56,-0.01,2.08
1,12,30,0.05,0.39,-0.33,0.48,-0.21,-0.11,0.15,-0.89,-1.49,-0.23,0.88,-0.42,-0.79,-0.88,-1.11,0.01,-1.29,-0.41,0.35,-1.29,-1.18,0.35,0.74,-0.14,-1.03,0.58,0.41,-0.28,-1.83,0.28
1,12,28,-0.15,-0.43,-0.7,1.42,1.57,0.73,-0.13,0.33,-1.15,-2.16,2.23,1.44,1.01,-0.14,-0.27,-0.3,-0.64,0.16,-0.57,0.94,-0.19,-2.56,-0.98,1.17,-0.88,-0.23,0.08,0.1,1.42,-0.36
2,12,30,0.97,0.77,0.8,1,1.99,1.12,2.79,2.43,0.29,-0.95,1.18,-0.47,-0.55,0.26,-0.04,-1.39,-0.36,-2.51,1.13,0.86,0.48,-1.23,0.98,-0.75,0.01,0.51,0.09,0.31,-1.09,-0.61
1,12,39,0.33,-0.79,-0.75,-0.79,0.52,0.05,1.45,-1.31,-0.47,0.79,0.2,-0.81,1.55,-0.22,-0.35,-1.29,-0.23,-1.5,0.28,0.12,-0.32,-0.25,0.34,-0.16,-0.52,1.44,-0.07,0.23,-0.48,-0.05
1,18,41,0.07,0.16,0.58,1.05,0.79,0.13,0.31,1.35,-0.4,0.3,0.53,0.77,-0.33,-0.01,1.73,-0.49,-1.23,1.81,1.3,0.85,1.33,-0.69,1.1,1.49,3.01,0.69,1.03,2.36,2.58,0.45
2,12,33,0.27,-0.05,-0.12,-0.33,0.4,-0.52,0.88,-0.04,0.77,-0.02,-1.18,-0.34,1.93,1.34,-0.74,-1.43,-0.79,0.57,0.36,-0.1,-0.31,0.65,1.01,0.06,0.48,1.17,-0.44,-0.75,0.29,0.85
1,12,31,-0.21,-0.52,0.6,-0.14,-0.15,0.43,1.74,-0.29,-1.79,0.87,0.82,0.95,-0.71,-0.86,2.12,1.65,1.6,-0.8,-1.15,0.22,1.13,-1.09,-1.13,-1.01,0.96,-0.64,0.65,1.03,0.85,-0.26
1,12,43,-0.24,0.78,0.29,0.4,0.44,0.83,0.29,-0.27,1.11,0.1,1.11,-0.47,0.9,-0.15,-0.4,1.24,0.73,-0.08,-1.4,0.14,-0.83,-1.22,-1.05,-0.28,0.34,-0.91,0.24,-0.76,-0.51,2.05
2,12,59,1.31,1.32,1.01,0.1,-0.89,0.82,0.19,1.8,0.82,1.54,-0.38,0.69,0.17,-2.34,2.06,-2.24,-1.09,1.43,1.79,1.54,1.3,-0.21,2.13,-0.88,0.5,-0.8,1.59,1.87,1.33,-1.83
2,12,26,-1.28,-1.26,-1.38,-0.22,-0.9,-0.61,1.27,0.35,-0.3,0.52,-0.32,-0.76,0.74,-0.06,-0.41,-0.07,0.11,-0.73,0.43,-0.33,0.07,-0.84,0.51,0.62,1.13,1.61,-1.79,0.44,0.62,-0.23
1,12,46,-0.13,0.77,0.02,-0.42,-0.45,0.15,-0.71,-0.68,0.6,-1.01,-1.33,-1.94,0.31,1.86,-0.87,-1.08,-1.07,1.13,0.58,0.34,-1.3,-0.71,-0.35,0.81,0.66,-0.26,-0.95,0.03,-0.42,1.39
1,12,52,-0.03,-0.02,-0.54,0.21,0.54,0.48,-0.59,-0.53,-0.18,1.3,-0.07,-1.11,-0.64,-1.83,0.33,-0.33,-2.25,1.28,0.26,-0.29,0.61,1.53,-0.79,-2.19,-0.1,-0.33,-0.04,0.2,-0.02,-0.9
2,12,59,2.14,2.14,0.97,1.51,1.39,1.62,-0.07,-0.77,-0.38,-1.75,1.01,0.66,0.54,-1.03,0.29,-0.41,-0.56,-0.77,0.75,-1.07,-0.07,-0.85,1.15,-1.15,0.93,0.63,0.19,0.4,1.82,-0.89
1,12,49,0.74,0.46,0.8,1.15,0.83,0.65,0.26,-1.16,-0.53,0.39,-1.99,-0.38,1.25,-0.26,-1.05,0.69,1.23,-0.36,0.9,1.49,0.06,1.2,-0.66,0.06,-0.61,-0.05,0.25,1.25,1.63,0.95
1,12,63,1.47,1.98,1.2,1.41,1.41,1.99,0.49,2.29,-0.14,-0.45,-0.38,-1.53,1.02,-0.06,-0.8,-0.93,-1.31,1.42,-0.81,-0.01,-1.45,-0.4,0.71,1.26,-1.67,0.15,-0.96,0.7,2.58,1.93
1,12,34,0.38,0.63,-0.16,1.86,0.69,1.62,0.44,-0.88,-0.09,-0.28,0.87,2.71,0.73,0.85,0.6,-0.17,1.58,-0.12,0.37,0.24,-0.57,-0.11,-0.09,-0.23,-0.12,0.26,-0.48,-0.7,-0.19,-1.09
2,12,52,2.02,0.83,0.81,1.39,0.09,0.1,-0.04,-0.43,-0.01,-0.17,-0.65,-1.4,-1.62,-0.1,1.1,-1.25,-1.21,-1.27,0.87,0.15,0.64,1.04,0.16,-0.69,-0.65,0.71,0.68,0.52,1.35,0.08
1,12,35,0.21,0.04,-1.32,0.21,0.17,0.46,-0.13,0.48,0.76,-0.18,0.38,0.23,0.66,1.42,-1.6,1.61,1.02,-1.31,-1.5,-0.95,-0.11,0.41,-1.67,0.23,-0.69,-0.85,-0.49,-0.76,-1.74,0.53
1,12,52,-0.47,-1.24,-1.22,-0.14,-0.17,0.54,0.87,0.7,-1.66,-0.18,-1.63,-0.43,-0.8,1.98,1.49,-0.36,0.07,0.27,-1.2,0.89,1.99,-0.55,0.79,2.07,1.58,-0.21,-0.79,1.11,0.75,-1.3
2,12,41,-0.04,0.29,0.96,0,-0.26,-1.1,0.11,0.45,-1.23,-0.62,0.67,1.42,0.82,-0.51,0.5,0.28,-0.78,0.31,-1.75,1.03,0.5,0.36,-0.72,0.45,0.37,0.58,1.31,0.38,1.92,1.96
2,12,36,-0.08,0.07,0.03,0.92,0.92,1.05,1.65,-0.19,0.43,-0.2,1.63,0.85,-0.15,-1.05,0.78,0.6,0.98,1.3,-0.56,1.89,1.18,-2.24,-0.38,-0.33,0.6,-0.77,-1.42,0.81,-0.12,-0.5
2,12,35,0.53,-0.1,0.27,-0.36,-1.49,0.38,0.41,0.64,-0.8,-0.92,2.13,0.49,-0.17,0.38,1.64,0.66,1.32,0.32,-0.79,1.4,0.66,-0.02,0.82,-0.7,0.01,0.15,-0.27,0.96,-0.52,-1.33
1,12,43,0.07,0.48,-0.19,-0.32,-0.07,-0.11,1.78,1.88,0.98,1.08,-0.13,-1.01,-0.17,1,-1.18,0.17,-0.34,-0.06,0.81,-0.45,-1.55,0.15,0.51,0.87,0.47,0.49,0.2,-0.52,-1.11,-0.53
1,12,32,1.26,0.06,1.41,1.56,1.44,1.33,0.46,-1.01,-2.14,-1.8,0.34,1.5,-0.26,-0.19,-1.39,0.22,-0.06,-1,-0.67,-0.27,-0.16,0.93,-0.82,0.52,0.03,-0.93,-0.18,-1.02,-0.67,-1.05
2,14,21,1,0.06,0.71,0.44,0.35,0.68,0.08,-0.64,2.39,2.42,0.6,1.08,0.14,0.56,0.21,-1.65,-1.94,-0.22,2.03,-1.34,0.4,0.35,1.65,-0.13,-0.55,1.71,-1.01,0.75,-0.39,0.08
2,14,38,1.6,1.65,0.71,1.04,0.11,0.21,0.48,-1.01,-0.33,-0.28,-0.66,0.12,0.16,-0.97,-0.11,0.25,0.09,-1.72,0.53,0.55,0.43,0.37,0.47,-0.41,0.59,0.45,0.5,0.44,0.44,-1.74
1,12,26,0.86,0.3,1.78,0.33,1.53,-0.16,-0.02,-1.03,1.14,-0.27,-0.16,-0.65,-0.37,-1.36,-0.86,0.41,1.62,-0.79,-0.99,0.95,-1.4,0.78,-1.03,-0.02,-1.05,-1.78,1.41,-0.89,0.1,-0.5
1,12,49,0.23,-0.37,0.31,-0.87,0.01,-0.08,1.1,0.35,0.12,-1.06,-0.26,0.66,0.48,-0.23,0.78,-0.61,-0.29,0.28,-0.44,-0.9,0.84,-0.73,0.22,1.96,0.72,1.43,0.79,0.13,0,1.31
2,12,51,-0.06,-0.26,-0.9,-0.25,-0.59,-0.58,-0.98,0.53,1.12,1.44,0.35,-1.05,-0.43,-0.44,1.08,-1.14,-1.07,-0.31,0.99,0.84,1.03,0.34,1.1,-1.06,1.58,0.72,-1.02,0.28,-0.55,-0.33
1,12,44,-0.82,-0.94,-0.47,0.17,0.28,-0.43,-0.1,-0.72,0.82,0.87,0.13,-1.52,0.15,1.36,1.1,1.11,0.79,0.71,-1.11,-0.89,0.61,-0.77,-1.27,0.38,1.1,0.55,-0.72,0.68,0.22,1.53
2,12,46,-0.02,0.01,-0.1,0.66,-0.2,0.98,0.18,-0.62,1.41,-1.18,-0.83,0.14,1.8,0.28,-0.25,0.3,0.66,-0.21,-0.3,-0.01,-0.47,0.89,-0.11,0.03,1.4,-0.27,0.37,0.16,0.68,-0.99
2,12,28,-1.55,-0.84,-1.3,-1.97,-1.31,-1.38,0.67,-1.23,0.29,-0.3,-0.69,0.14,0.96,1.19,-1.05,1.26,0.2,-0.67,1.12,-0.64,0.06,0.18,0.47,1.05,-0.24,0.08,0.94,-1.6,-1.15,1.16
2,12,22,-0.17,-0.68,0.12,-1.1,-0.88,-1.19,2.04,1.69,-0.54,-0.69,1.46,0.17,-0.87,0.38,0.4,-0.72,0.98,-0.18,1.61,0.24,0.94,0.68,1.42,1.18,0.44,-0.26,1.24,-0.19,0.32,0.72
1,12,17,-0.15,0.6,0.16,1.38,-0.11,1.99,0.74,1.52,-1.08,-0.89,-0.1,1.12,2.15,0.36,-2.19,0.44,-0.31,-0.63,-1.37,-0.8,-0.31,0.03,-2.01,0.11,-0.46,-1.87,0.54,-1.41,-1.03,2.33
1,12,28,-1.1,0.2,-1.97,-1.25,-0.62,-1.02,-0.9,0.66,-0.97,-0.49,0.62,0.15,1.09,0.12,-1.83,0,1.08,-1.4,0.1,-1.63,-0.86,-0.83,-0.41,1.14,-2.05,-0.48,0.09,-2.26,-0.72,-0.97
2,16,46,1.11,0.53,0.8,-0.32,-0.2,-0.46,0.32,-0.02,-0.04,-1.01,1.15,-0.3,-0.39,-0.96,1.45,0.08,0,0.45,0.68,1.55,0.24,1.43,0.53,0.2,1.23,1.16,0.88,1.67,0.72,-0.74
2,12,42,-0.88,-1.04,-0.16,-0.68,-0.25,-0.46,0.24,-0.28,-1.38,0.93,-0.25,-0.78,-0.43,-0.57,1.3,-1.83,-2.42,-1.09,-1.45,-0.06,1,-1.33,-0.24,-0.71,-0.6,-1.51,-1.53,-0.16,0.8,0.88
2,16,36,1.36,1.51,-0.22,1.13,0.37,1.88,0.47,0.33,2.78,1.09,1.04,0.69,-0.52,1.62,1.28,0.12,0.62,1.31,-0.42,1.1,2.26,1.63,-0.65,-0.5,1.38,-1.33,1.94,1.62,2.35,0.77
1,12,35,-0.63,-0.45,-0.86,-0.47,0.34,-0.31,-0.99,-0.24,0.3,0.19,-0.45,0.13,0.01,2.01,-0.6,1.39,0.72,0.29,-2.2,-0.72,-0.96,0.24,-2.03,0.37,-0.51,-1.47,-0.41,0.07,-0.82,2.75
2,12,18,-0.93,-0.44,-0.64,-1.61,-0.72,-0.13,-0.15,-0.8,-0.99,1.27,1.73,0.21,-2.69,-0.57,0.29,-0.05,-0.11,-0.09,0.49,-1.4,-0.4,-1.01,0.68,-0.95,-0.41,1.3,0.97,-0.23,0.29,-0.26
1,12,47,0.06,0.25,0.91,0.2,0.21,-0.55,-0.64,-1.1,0.51,1.28,-2.58,-0.09,0.55,0.6,-0.26,0.21,0.79,-3.62,0.36,-0.39,0.58,2.28,-0.4,0.36,0.22,-1.05,-0.17,-0.29,0.89,-0.25
2,12,39,-0.43,-0.72,-0.55,-0.61,1.06,-0.27,0.07,0.34,0.64,-0.93,-0.57,0.21,-0.68,-1.41,0.66,0.15,-0.05,-1.56,0.71,-0.64,0.29,-1.51,0.06,0.39,1,-0.05,0.44,-0.44,0.08,-0.52
2,12,42,-0.09,0.78,0.35,-0.38,-1.35,0.55,-0.49,-0.37,-0.04,-0.06,0.91,0.68,1.35,0.54,-0.85,0.86,1.28,-1.45,-0.6,1.35,-1.12,0.84,0.05,0.12,0.78,-0.31,-0.96,-0.51,-0.31,-0.06
2,12,48,1.35,0.78,1.33,1.02,0.49,1.14,0.81,1.05,1.37,1.66,1.95,0.89,0.95,0.56,-1.22,-0.58,-0.75,0.03,1.6,-0.11,0.13,-0.43,2.14,0.43,1.61,0.96,2.06,0.98,0.22,0.68
2,12,52,1.16,1.26,1.78,1.41,1.04,1.59,-0.05,0.03,0.72,-0.68,-0.67,-0.95,0.75,-0.1,0.25,-0.75,0.21,1.41,0.11,-0.16,0.51,0.87,-0.51,-0.47,-0.94,0.09,-0.6,0.76,-0.89,-1.1
2,8,42,-1.67,-1.09,-1.82,-2.27,-2.08,-2.38,-0.21,1.21,1.16,0.16,-0.72,-0.2,-1.3,0.75,-1.09,1.97,0.05,-0.52,-0.35,0.33,-0.45,1.11,-0.75,-0.17,-1.47,0.13,0.62,-1.27,0.04,0.2
2,12,40,-0.62,-0.32,-0.52,0.92,0.27,0.62,-0.86,-0.96,0.36,-0.97,-0.04,0.31,-0.65,0.6,0.26,-0.47,0.59,-1.26,0.09,1.41,0.02,0.54,-0.09,0.86,-0.68,1.11,-0.35,-0.34,1.31,1.61
1,12,29,0.11,0.45,1.46,1.05,1.62,1.97,0.5,0.67,-0.25,0.5,0.58,0.66,0.33,1.66,-0.72,0.71,0.33,0.19,-0.43,-0.98,-1.12,-0.35,-1.32,0.11,-0.62,-2.18,0.09,-0.59,0.76,0.33
1,12,31,0.99,0.86,1.08,1.8,2.21,0.85,0,1.52,0.23,0.06,0.26,0.31,-0.53,0.47,-1.2,-0.15,-0.44,-0.74,0.2,-2.06,-0.26,-0.49,-0.56,0.51,-0.84,-0.62,0.49,-1.93,-1.15,0.58
2,12,43,1.49,0.86,2.31,0.76,1.58,1.49,-0.14,0.13,-0.08,0.39,-0.11,0.16,-1.13,-1.9,-0.45,-1.98,-0.47,0.76,1.88,-0.63,0.29,0.69,1.99,-0.82,0.91,0.48,0.49,1.96,-0.17,-1.39
1,12,38,-0.83,-0.57,-1.24,-0.3,-1.35,-0.94,-0.49,-0.98,-1.61,-1.45,1.15,0.81,-0.17,1.38,-1.41,0.05,1.79,-0.53,-0.89,-0.92,-1.56,0.89,-2.24,2.07,-1.74,0.18,-0.55,-2.28,-1.49,0.11
2,12,54,-0.18,-0.16,-0.38,0.08,0.31,0.49,-2.32,-2.82,-1.3,-1.02,-0.8,0.17,-1.96,-0.86,0.76,0.58,-0.01,-0.02,-1.02,-0.32,0.41,1.26,-0.29,-0.21,-1.24,-0.97,-1.67,0.37,0.62,-0.73
2,12,45,-0.79,-1.07,-1.34,-1.75,-0.51,-0.46,-0.16,0.27,1.29,0.6,0.63,2.03,-1.24,-1.13,1.88,-1.05,-0.13,1.56,-0.23,2.36,1.42,0.31,-0.21,-0.69,0.27,0.03,-1.03,0.44,1.86,-1.1
1,8,53,-1.79,-2.36,-2.13,-0.89,-1.63,-0.15,-0.2,-1.07,0.12,-0.04,1.83,0.87,0.33,0.94,-0.02,0.95,0.55,1.84,-2.98,-0.99,-0.79,-1.86,-2.97,0.5,-1.37,-1.22,-0.98,-2.46,-1.79,-0.16
1,12,36,0.07,-1.3,0.47,-1.35,-1.5,-0.32,0.54,-0.02,0.06,0.31,0.12,1.26,-0.03,1.1,1.17,-0.82,-0.28,0.11,-0.36,1.25,0.88,0.04,-0.14,0.81,-0.23,1.25,0.09,0.31,0.19,0.24
1,12,35,0.69,1.52,-0.18,0.69,0.94,0.84,0.46,1.22,-0.99,-0.15,-0.36,-0.43,-1.58,-2.15,0.31,0.7,0.45,-0.28,-0.97,1.86,-0.08,0.01,-1.19,-1.15,-0.97,-0.94,1.54,0.41,0.56,0.95
2,12,43,0.64,0.85,0.24,-0.45,-0.56,0.63,0.3,1.28,0.05,1.14,0.31,0.08,0.92,1.71,-2.94,-0.51,-1.53,-1.52,1.05,-1.18,-1.64,0.9,1.15,1.31,-0.89,0.01,-0.36,-1.2,-0.08,2.55
1,12,55,0.42,0.58,0.88,0.42,-0.11,-0.77,-0.81,-0.66,0.4,2.03,0.21,-1.07,1.95,-0.13,-0.85,-0.36,0.03,2.48,1.5,-0.39,-0.22,-0.02,0.71,1.16,0.54,1.49,0.38,0.11,0.5,-0.4
1,12,46,1.18,1.27,0.43,0.74,0.92,2,1.71,1.26,0.89,0.95,-0.59,0.37,-2.44,-2.05,1.57,0.06,0.1,0.86,0.91,1,1.97,-1.37,1.29,-1.57,0.53,1.62,-0.22,0.91,-1.32,0.06
1,12,41,0.21,-0.08,0.33,-0.05,-0.16,-0.5,0.13,0.19,-0.09,0.28,0.79,-0.1,0.08,0.04,-1,-1.28,-0.28,-0.23,0.31,-1.02,-1.28,-0.26,1.04,0.9,0.53,0.68,0.09,-0.04,0.91,0.22
2,16,36,1.09,1.2,0.8,1.4,1.43,0.81,0.02,0.59,0.87,0.74,-1.26,-0.93,-0.11,0.72,0.13,0.87,1,-1.17,-1.16,0.69,-0.19,-1.12,-0.2,-0.15,1.09,-1.35,-0.8,0.41,0.12,-0.13
1,12,39,1.32,1.43,0.73,-0.3,0.62,-0.74,-0.78,-1.08,0.56,0.95,-1.52,-1.78,-0.81,-0.53,-0.54,-1.29,-2.03,-1.01,0.83,-0.01,-0.2,1.74,1.41,-0.63,-1.25,0.35,0.09,-0.23,-0.72,-0.01
2,12,35,-0.46,-0.49,-0.48,-0.55,0.02,-1.01,1.6,-0.76,0.89,1.38,0.18,-0.29,0.27,-0.78,0.78,0.22,0.42,0.27,0.48,0.76,0.91,0.79,0.23,-1.41,0.48,1.53,-0.29,0.92,0.55,0.95
2,12,44,-0.53,-1.06,-1.37,-2.21,-1.7,-2.77,0.42,0.14,-0.5,-0.74,-0.34,-1.47,0.8,2.81,-1.41,-0.58,-1.52,-0.54,0.36,-1,-2.18,0.18,1,0.74,-1.27,1.64,1.04,-1.68,0.88,-0.15
2,14,33,0.85,0.78,0.85,1.22,0.96,1.91,-1.05,-1.69,0.33,1.24,-0.91,-0.25,1.54,2.38,-0.06,-0.28,-1.15,-0.45,-0.9,-0.36,-1.25,-2.26,-0.77,-1.16,0.07,-1.53,-0.67,-0.66,-0.33,0.44
1,14,32,0.65,-0.66,-0.41,1.05,1.2,0.85,1.49,0.81,0.1,1.79,-0.89,-0.25,0.99,-0.64,1.79,-0.15,-0.71,0.64,-0.7,0.46,0.97,0.29,-0.61,-0.12,0.59,-0.95,1.13,1,1.73,-0.34
1,12,34,0.04,0.26,0.51,0.16,0.34,0.71,1.4,0.97,-1.92,-2.51,-0.7,0.32,1.2,-1.3,-2.49,0.83,1.96,-1.15,-0.58,-1.06,-1.16,0.2,-1.7,0.63,-1.88,-1.55,0.32,-2.24,-1.47,2.04
1,12,34,0.61,0.01,-0.59,1.45,1.94,1.19,-0.03,0.58,-0.9,-1.07,0.59,0.71,0.21,0.52,-1.04,0.69,0.92,1.46,-0.53,-0.17,0.43,1.14,-1.51,1.77,-0.11,-0.4,-0.53,-0.01,-0.2,-0.95
1,12,31,-0.22,-1.17,-0.79,-0.26,-0.76,0,-0.61,-1.29,-0.54,-0.07,1.08,1.75,2.54,2.32,-1.21,0.51,2.19,-0.17,0.52,0.84,-1.65,-0.33,-0.65,2,-0.99,-0.66,-0.9,-0.9,0.34,1.61
2,12,19,0.33,0.32,-0.31,1.24,2.29,1.67,2.37,2.76,-1.24,0.77,0.65,-0.93,-1.85,0.7,-0.04,-1.17,-0.22,-0.4,0.13,-0.55,-0.37,-1.33,0.01,0.88,-0.33,0.31,0.45,-0.28,-0.49,-0.14
2,12,35,-0.7,0.03,-0.76,0.33,-0.1,-0.26,0.1,0.6,-0.9,-0.1,0.73,1.13,1.37,-0.66,0.49,0.56,-0.51,2.4,-1.13,1.39,-0.67,-0.53,-1.26,0.12,-0.68,-0.94,-1.19,-0.87,0.75,-0.59
1,8,50,-0.56,-0.53,-0.52,-0.25,-0.65,0.2,0.92,-0.58,0.5,-0.09,-0.37,0.15,-0.3,0.8,-0.83,-0.11,-0.22,-0.47,-0.4,0.17,-1.53,1.25,-0.54,1.25,-1.56,1.05,-0.8,-1.97,-1.41,1.26
2,8,45,-2.19,-2.27,-2.17,-1.97,-0.98,-2.39,-0.45,-0.71,0.39,-0.75,0.3,1.91,1.25,0.65,-1.48,1.45,0.13,-0.18,-2.14,-1.2,-2.06,0.14,-1.08,1.23,-2.21,-2.03,-1.19,-1.27,-1.68,2.79
2,12,40,2.34,2.7,2.01,1.95,0.84,1.5,0.48,0.38,-0.98,0.44,-0.71,-0.3,-1.11,-2.49,1.4,0.82,0.28,-0.39,-1.04,0.24,1.03,0.59,0.18,-2.43,0.85,-0.96,1.41,1.51,-0.03,-0.7
1,12,41,-0.18,0.23,0.55,-0.02,0.48,1.2,1.91,1.26,0.48,1.04,0.56,0.78,-0.78,-0.57,2.22,0.27,2.04,2.54,-0.62,1.42,1.67,0.29,-0.55,-0.44,1.57,-0.53,-0.18,2.11,1.73,-1.49
1,12,32,-1.24,-1.27,-0.25,-1.32,-0.74,-0.45,0.74,1.57,-0.4,0.56,0.57,-0.47,-1.96,-1.46,0.96,-0.05,0.27,0.48,-1.34,0.71,0.96,0.31,-0.82,0,0,-0.78,-0.22,0.51,-1.03,-2.58
1,16,40,1.58,0.48,1.03,1.41,2.34,1.38,0.26,0.48,1.1,1.33,-0.16,-1.31,0.99,-0.24,1.1,-0.57,0.81,0.1,2.06,1.07,1.32,-0.11,2.02,-0.13,2.76,1.42,0.24,1.66,1.54,-0.82
2,12,20,-1.26,0.18,-0.59,-0.4,-0.7,0,-1.45,-0.7,-0.78,0.51,-0.66,-0.08,1.04,0.66,-0.59,0.42,-0.06,0.35,-0.95,0.56,-0.38,-0.61,-0.77,0.28,-0.86,0.05,0.09,-0.52,-1.28,0.22
2,16,29,2.63,2.23,2.55,1.38,3.86,3.5,2.47,2.5,-0.68,-1.42,0.91,2.12,0.88,0.74,0.92,-0.89,0.34,1.68,0.79,1.01,0.94,0.8,1.57,-2.06,1.11,1.4,0.37,1.96,2.47,0.46
2,12,28,-0.1,0.54,-0.29,-1,-0.24,-0.17,0.27,1.36,1.27,2.34,-1.13,-1.63,0.94,-2.21,-0.38,-1.42,-1.33,0.13,0.94,0.14,-0.02,1.52,1.49,0.62,0.13,2.17,1.3,1,1.83,-0.49
2,12,29,0.45,1.37,0.53,0.96,0.68,0.16,1.32,-0.26,-1.63,-1.02,0.49,2.12,-0.26,-0.87,-0.35,1.12,0.2,0.25,0.64,-1.03,0.05,-0.09,0.88,2.14,0.87,-1.61,-1.83,0.25,0.57,0.94
2,12,43,-0.26,-0.93,-0.42,-0.27,1.2,-0.69,-0.19,0.08,-0.51,-0.18,0.76,-0.75,0.82,-0.21,-0.93,-0.33,1.51,0.49,-0.12,-1.29,-1.09,0.42,-0.35,-0.56,-1.01,-0.41,-1.03,-0.94,-1.61,0.03
2,12,13,0.21,0.72,-0.2,-0.43,-0.45,-0.26,2.2,1.11,0.8,-1.12,0.7,2.09,2.37,-1.16,-0.55,-0.69,-1.01,-1.3,0.15,-0.2,-1.16,0.07,0.35,-0.02,-0.85,0.19,0.36,0.4,-0.16,0.93
1,12,47,-1.82,-1.71,-0.94,-0.84,-0.13,0.45,2.9,0.58,0.9,-0.18,-0.75,0.35,1.17,0.36,-0.38,-0.08,-2.07,0.65,0.16,0.16,0.16,-2.01,-0.3,0.6,-1.69,0.45,1.13,-0.95,0.81,0.13
2,12,36,-0.31,-0.23,-0.08,-1.34,-2.01,-1.1,1.83,1.09,-1.46,-1.27,0.49,0.17,-0.7,-0.99,3,0.44,1.19,0.16,0.08,2.89,2.31,-0.44,0.18,-0.3,0.02,0.39,1.61,1.48,0.38,-2.82
2,16,39,1.17,0.37,1.68,0.93,0.1,0.77,-0.39,1.26,1.25,0.61,-0.51,0.29,0.77,0.29,0.68,-1.01,-0.42,-0.13,0.83,0.04,1.93,-0.99,1.25,-1.71,2.05,0.86,0.49,-0.23,0.01,0.81
2,14,56,1.69,1.86,1.85,1.9,0.53,1.71,0.23,-0.73,-0.51,1.01,-2.03,-1.82,0.47,0.05,0.15,-0.36,0.73,-0.2,0.92,0.53,0.28,0.06,0.67,-0.2,1.4,-0.63,-1.81,0.66,0.53,0.23
1,12,37,-1.25,-1.43,-0.28,0.2,0.32,-0.63,0.18,0.68,-0.68,1.93,-0.87,-0.62,1.4,-0.77,-0.86,-1.04,-0.67,-1.36,0.27,-0.15,-0.8,-2.51,-0.03,0.18,-2.19,0.3,-1.41,-1.99,-0.84,-0.37
2,12,31,-0.28,-0.06,0.26,-0.41,0.38,0.06,1.49,1.14,-0.53,-0.11,0.5,0.6,-0.54,1.73,-1.52,-0.29,-0.48,-1.48,1.34,0.18,-1.21,0.42,1.11,1.38,-0.7,1.56,1.51,-0.72,0.21,0.99
2,12,34,-0.67,0.47,-0.42,-0.52,-0.25,-0.3,1.43,0.48,-1.21,-0.92,1.54,0.67,-0.06,2.69,-1.64,-0.43,-0.89,-1,0.5,-0.86,-0.51,-1.76,0.64,-0.05,-1.28,1.27,-0.22,-1.25,-0.18,0.67
2,12,26,-0.33,-0.31,-0.46,-1.26,-0.93,-0.4,0.94,1.27,0.23,-0.91,1.23,1.33,-3.49,-0.4,-0.06,-0.49,-1.57,0.95,0.41,-1.17,-0.71,2.25,-0.51,0.11,-0.1,-0.77,1.34,-0.61,0.07,0.35
2,12,38,-0.38,0.87,-0.62,-0.71,-1.21,-0.2,-0.32,0.04,-0.34,0.13,0.52,-0.04,0.07,0.16,-0.42,0.35,0.34,0.48,0.25,0.01,0.73,-0.22,0.43,-0.36,0.03,-0.11,-0.12,1.29,1.61,1.79
2,12,49,-1.5,-1.16,-1.13,-1.05,-1.12,-0.65,0.53,0.74,-1.04,-0.51,-0.46,-0.59,-0.27,0.61,1.54,-1.26,-0.43,-0.43,-0.9,-1.18,0.02,-0.5,0.03,1.24,0.56,0.64,-1.04,-0.18,-0.49,1.02
2,12,32,1.54,1.92,0.95,1.79,1.93,0.34,1.19,-0.16,2.29,1.03,-1.05,-0.05,-0.92,-1.39,-0.34,-0.74,-0.35,0.12,0.54,-0.7,-0.49,-0.34,0.83,-0.16,0.2,-0.69,-0.1,-0.92,0.37,-0.3
2,12,30,-1.52,-1.15,-0.8,-0.55,-0.78,-0.5,0.17,0.5,0.23,1.55,0.59,0.09,0.32,-1.84,1.62,-1.65,-1.75,0.3,0.55,1.57,1.93,-0.67,0.26,-1.03,0.85,-2.49,-0.48,0.35,0,-1.48
1,12,44,1.06,0.88,0.66,0.99,0.2,1.03,-0.15,-0.59,0.62,-0.02,-1.14,0.35,-0.32,-0.57,-1.74,-1.28,-0.28,1.13,0.54,0.25,-0.22,-1.12,2.21,-0.31,1.18,2.16,-1.33,0.71,-0.43,-0.19
1,12,62,-0.27,-0.77,-0.55,-2.4,-2.07,-2.09,-0.07,-0.13,0.78,-0.25,-0.53,0.01,-1.36,0.1,-0.76,0.5,0.84,-1.27,-1.97,0.24,-0.73,-0.65,-1.08,-0.94,-0.38,-0.21,2.58,-1.34,-1.59,-0.28
2,16,46,2.11,2.01,1.58,0.92,1.6,1.04,0.07,0.21,-1.1,-0.05,-0.53,0.8,-0.02,-0.16,-0.09,-0.28,0.02,0.54,-0.02,0.32,-0.56,0.77,0.35,-0.53,0.45,0.32,2.05,0.96,1.21,0.17
2,12,41,0.92,-1.12,0.18,0.23,-0.08,-0.67,0.08,0.44,0.38,0.09,0.04,2.51,0.9,0.83,-1.29,0.91,1.2,-0.09,0.75,-0.94,-1.38,-2.32,-0.17,-0.75,0.88,0.31,0.81,-0.58,-0.12,-0.03
2,18,34,2.12,2.02,0.97,2.21,1.26,1.91,-1.11,-1.35,-0.44,0.11,-0.07,0.06,-0.06,1.02,0.71,1.25,-0.66,0.29,-1.19,-0.41,0.65,0.39,-0.3,-0.65,0.09,-0.39,0.2,0.38,0.81,-0.08
1,12,34,-0.51,-0.58,-0.79,0.44,-0.88,-1.19,-0.64,-0.57,-0.11,-0.35,-1.49,1.45,-0.74,-0.97,0.99,0.23,0.08,0.12,-0.09,-0.47,1.35,-0.97,1.12,-1.07,0.92,1.46,-0.15,1.24,0.84,-1.41
2,12,20,0.2,-0.11,-1.01,0.19,0.08,-0.59,1.73,1.38,-1.73,0.41,0.26,-0.36,-0.55,0.65,-1.02,-0.33,-0.76,-0.6,0.47,0.24,-1.81,0.66,0.85,-1.23,0.09,-0.35,1.13,-0.04,-0.07,0.09
1,12,49,0.33,0.22,0.78,0.38,0.41,0.37,-2.72,-1.28,-0.65,-0.58,-0.52,0.51,0.41,-0.39,-0.41,0.71,-0.25,-0.01,-1.31,-1.12,-1.13,0.07,-0.81,0.62,-1.03,0.08,0.42,-1.03,-0.98,-0.41
2,12,36,-2.62,-1.1,-1.49,-2.7,-1.81,-2.49,-0.64,-0.7,1.96,0.14,-0.74,-0.6,0.65,-0.02,-1.18,-0.56,-0.75,-1.6,0.37,-0.18,-1.21,1.61,-0.18,0.59,-1.04,-0.19,0.37,-2.87,-0.29,1.44
2,12,46,-0.47,-1.01,-0.38,-0.84,0.04,0.03,1.21,1.21,-0.16,0.98,-0.3,0.03,-1.65,0.47,0.4,0.93,0.11,0.91,-0.09,0.45,0.9,1.28,-0.35,0.58,-1.17,-0.64,0.51,-0.73,-1.78,0.16
2,12,45,0.42,-0.45,0.73,-0.21,0.59,0.68,-0.63,-1.26,0.82,1.11,0.45,0.88,0.52,-1.62,0.09,-0.59,-0.75,-0.27,1.95,0.58,0.8,-0.06,1.12,0.43,0.17,1.8,-0.43,0.8,1.05,-1.15
2,14,43,0.37,1.52,-0.13,1.17,1.31,0.5,-0.62,2.6,1.07,0.31,0.76,0.62,0.82,0.34,1.89,-0.99,-1.09,2.4,2.41,0.86,1.67,-1.16,3.23,-0.79,2.42,0.18,-0.97,2.56,0.86,-0.78
2,8,44,-1.96,-2.33,-0.87,-2.04,-1.38,-0.49,0.18,1.46,0.33,-2.25,1.1,2.79,0.01,-0.77,0.24,-1.5,-0.39,-2.7,0.41,-1.63,0.06,0.96,0.67,0.53,-2.3,-0.58,-2.62,-1.14,-0.36,-0.17
1,12,38,-0.96,-0.88,-1.54,-1.17,0.25,-1.22,-0.45,-0.61,0.88,-0.21,2.33,0.26,0.4,0.44,-0.81,-1.26,-1.26,-0.38,-0.07,-0.05,-1.2,-0.29,-0.42,-0.24,-0.88,0.7,0.8,0.11,0.56,1.78
2,16,31,1.9,1.25,2.73,1.43,1.81,0.83,-1,-0.13,0.32,0.99,-0.95,-0.3,-0.51,0.02,0.43,-0.44,0.51,0.48,0.81,0.75,1.08,1.44,-0.16,0.87,-0.86,-1.5,0.43,0.55,0.38,-0.85
1,12,13,-1.84,-1.95,-1.38,-0.32,-0.26,-0.12,1.49,1.8,0.24,1.9,0.93,1.16,-0.71,-0.62,-0.56,-0.03,0.16,-0.69,-0.96,-0.23,0.5,-0.94,-1.23,0.43,-1.12,-0.08,-1.27,-1.01,-1.01,-0.1
2,12,46,-1.13,-0.33,-1.44,-0.65,-0.66,-0.12,-0.47,-0.3,-0.48,-0.82,0.71,-0.53,-0.36,1.09,-1.52,-0.07,1.13,-0.81,-1.11,-0.56,-0.32,-0.33,-0.8,0.74,-2.15,-0.62,-0.69,-0.31,-0.15,1.01
1,12,37,0.65,1.47,1.11,1.55,1.41,0.72,1.06,1.21,0.13,0.51,-0.31,0.21,0.59,2.33,0.99,1.07,-0.52,1.41,-0.97,0.65,-0.43,0.93,-0.66,-0.12,0.23,-1.8,0.85,0.16,-0.4,2.28
1,12,30,0.51,-0.02,-0.18,0.83,-0.42,1.37,-0.44,-1.59,0.57,0.28,2.42,2.04,0.06,1.54,-0.88,1.68,0.54,1.59,-1.02,-0.65,-1.64,0.07,0.09,0.34,-0.08,1.25,-0.43,-0.16,-0.33,0.17
1,12,39,0.64,0.54,-0.17,-0.73,-0.62,-0.71,0.63,-0.2,0.25,-1.06,-0.62,0.78,-0.83,0.35,0.28,0.45,0,0.54,0.19,-0.3,0.48,0.34,0.59,-1.53,-1.24,-0.2,-0.36,0.02,0.04,-0.18
1,12,39,0.38,0.7,0.09,0.2,0.9,0.36,0.03,-0.33,-0.58,-1.08,0.8,-0.03,-1.54,0.48,-2.18,-0.78,0.67,-0.36,-0.02,-0.31,0.59,1.46,-1.41,-0.17,-2.17,-0.59,-0.37,-0.38,-0.04,0.62
1,12,38,-1.57,-0.5,-1.55,-1.02,-0.74,-0.95,-0.39,0.23,0.96,0.4,-0.65,-0.51,0.15,-0.25,1.51,1.67,1.92,0.63,-0.42,0.99,2.25,0.78,-0.3,1.13,1.84,0.07,-0.28,1.42,0.63,-2.01
2,12,45,-0.81,-0.93,-0.99,-1.4,-1.51,-1.88,-0.42,-0.97,0.12,-0.31,-1.1,-0.65,-1.48,-1.99,0.48,-1.09,-1.07,-1.89,0.41,0.05,0.34,-1.02,0.46,-0.76,-0.2,-1.04,-0.6,-0.45,-0.96,-0.39
2,12,37,-0.84,-0.2,0.12,-0.17,-0.31,0.07,0.89,0.67,1.64,2.18,0.69,0.71,-0.21,-0.75,0.04,0.4,-0.78,0.77,-0.41,0.4,-0.01,-0.28,-0.2,-0.34,0.66,0.55,-0.2,0.25,0.15,0.67
1,12,32,2.1,2.64,1.52,3.06,2.6,2.35,0.82,0,1.17,1.73,-0.38,0.5,0.11,-0.27,-1.33,0.18,0.81,0.35,0.2,-1.98,-0.63,0.94,0.45,0.14,-0.43,-0.25,0.37,-0.23,0.05,0.29
1,18,49,1.85,2.24,2.14,1.82,0.31,1.15,0.74,1.15,-0.26,1.59,-1.08,-0.6,-0.12,0.24,0.92,-1.08,0,1.1,1.5,1.58,1.35,1.63,1.16,1.17,2.39,0.46,2.07,1.71,1.21,-0.62
1,12,44,0.71,1.4,1.03,0.18,0.26,1.14,-0.21,0.63,-0.62,-1.25,-0.67,-0.48,-0.72,-1.88,-0.09,-1.07,-0.16,-0.54,1.23,0.92,-0.31,0.39,0.03,-1.34,-0.59,1.08,2.19,0.6,1.05,-0.01
2,12,47,-0.2,0.56,0.18,-1,-2.08,-1.07,-0.29,-1.42,1.07,1.07,-0.53,0.04,-0.27,-0.2,0.32,0.17,0.42,-0.29,-0.16,-0.21,1.15,0.46,0.83,-0.95,-0.03,0.31,2.18,-0.14,1.05,-0.74
1,12,38,-1.24,-1.88,-0.84,-1.76,-1.82,-2.11,0.87,1.08,-0.57,-0.21,0.1,-0.1,1.51,-0.72,0.32,0.3,-0.12,0.7,-2.07,1.92,-0.4,1.85,-0.23,0.91,0.73,0.95,1.44,-0.26,0.7,0.17
2,12,31,-0.87,-0.26,0.02,-0.15,-0.56,-0.11,0.32,-0.57,0.74,-1.34,-0.67,-1.5,0.69,0.13,0.7,0.59,-0.37,0.92,-0.89,0.57,0.01,-0.15,-0.87,0.46,1.22,-1.66,0.04,-1.21,1.77,-1.46
1,12,53,-0.78,-0.14,0.63,-0.22,-0.68,-1.65,-0.68,-0.55,-0.8,-1.77,-0.67,-1.41,0.22,1.1,-1.84,-0.14,0.3,-0.68,-1.88,-1.65,-1.05,0.08,-2.62,2.07,-0.72,-1.15,0.81,-2.86,-0.06,1.46
2,12,53,-1.18,-1.27,-0.95,-1.03,-1.92,-0.93,-2.1,-0.6,-2.28,-0.8,0.83,0.25,2.13,-1.7,0.82,0.49,-0.56,-1.56,-1.14,-0.32,-0.52,-0.9,0.33,0.49,-0.37,0.81,0.07,0.04,0.29,-0.34
